Workbook

Sheet Petunjuk
A1: Test Case QA — Soslay
A3: Cara pakai
A4: 1. Kerjakan per tab: Auth User, Admin Member, Admin Activity.
A5: 2. Ikuti kolom Langkah, bandingkan dengan Hasil yang diharapkan.
A6: 3. Isi kolom Status: Pass / Fail / Blocked / Belum dites.
A7: 4. Kalau Fail: tulis apa yang terjadi di 'Hasil aktual / catatan' + link screenshot/rekaman layar, browser & HP yang dipakai.
A8: 5. Isi nama Tester & Tanggal. Rekap otomatis ada di tab Rekap.
A10: Catatan penting
A11: • Pakai email & data dummy khusus QA — jangan data member asli.
A12: • Akun test (member, admin, staf terbatas) minta ke admin Soslay.
A13: • Fitur yang butuh email undangan / upload foto bisa Blocked kalau setup Supabase (service role key & redirect URL) belum dipasang — tandai Blocked, bukan Fail.
A14: • Tes di desktop (Chrome) dan HP (Safari iPhone / Chrome Android).
... A19: Tinggi = alur utama, wajib lulus · Sedang = validasi & kasus umum · Rendah = kenyamanan / tampilan

Sheet Auth User
A1: ID | B1: Fitur | C1: Skenario | D1: Prasyarat | E1: Langkah | F1: Data uji | G1: Hasil yang diharapkan | H1: Prioritas | I1: Status | J1: Hasil aktual / catatan | K1: Tester | L1: Tanggal
A2: AUTH-01 | B2: Daftar (/daftar) | C2: Daftar member baru dengan data valid | D2: Belum login. Email belum pernah terdaftar. | E2: 1. Buka /daftar 2. Isi semua field 3. Klik tombol daftar | F2: Nama lengkap, Display name, Kuy ID unik, Tgl lahir 01/01/1995, WA 08123456789, email baru, password 8+ karakter | G2: Akun dibuat. Jika verifikasi email aktif: muncul layar 'cek email' dengan alamat email yang diisi. Jika tidak: langsung masuk ke /akun. | H2: Tinggi | I2: Belum dites
A3: AUTH-02 | B3: Daftar (/daftar) | C3: Verifikasi email dari link | D3: Sudah daftar & muncul layar 'cek email'. | E3: 1. Buka inbox email 2. Klik link verifikasi | F3: - | G3: Diarahkan ke /akun dalam keadaan login. Data profil (nama, Kuy ID, WA, tgl lahir) sudah terisi sesuai form daftar. | H3: Tinggi | I3: Belum dites
A4: AUTH-03 | B4: Daftar (/daftar) | C4: Semua field wajib dikosongkan | D4: Belum login. | E4: 1. Buka /daftar 2. Langsung klik daftar tanpa isi apa pun | F4: Semua kosong | G4: Muncul pesan error per field (Full name, Kuy ID, WhatsApp, Email, Password, Tgl lahir). Akun tidak dibuat. | H4: Tinggi | I4: Belum dites
A5: AUTH-04 | B5: Daftar (/daftar) | C5: Format email salah | D5: Belum login. | E5: Isi email tanpa @ lalu daftar | F5: budi.gmail.com | G5: Pesan 'Please enter a valid email'. | H5: Sedang | I5: Belum dites
A6: AUTH-05 | B6: Daftar (/daftar) | C6: Password kurang dari 8 karakter | D6: Belum login. | E6: Isi password 7 karakter lalu daftar | F6: abc1234 | G6: Pesan 'Minimum 8 characters'. | H6: Tinggi | I6: Belum dites
A7: AUTH-06 | B7: Daftar (/daftar) | C7: Nomor WhatsApp terlalu pendek | D7: Belum login. | E7: Isi WA kurang dari 9 digit | F7: 0812345 | G7: Pesan 'Number is too short'. | H7: Sedang | I7: Belum dites
A8: AUTH-07 | B8: Daftar (/daftar) | C8: Tanggal lahir di masa depan | D8: Belum login. | E8: Isi tanggal lahir tahun depan | F8: 01/01/2030 | G8: Pesan 'Date of birth can't be in the future'. | H8: Sedang | I8: Belum dites
A9: AUTH-08 | B9: Daftar (/daftar) | C9: Tanggal lahir tidak ada di kalender | D9: Belum login. | E9: Isi tanggal 30 Februari | F9: 30/02/2000 | G9: Pesan 'Enter a valid date (DD / MM / YYYY)'. | H9: Rendah | I9: Belum dites
A10: AUTH-09 | B10: Daftar (/daftar) | C10: Email sudah terdaftar | D10: Ada akun dengan email tsb. | E10: Daftar memakai email yang sudah dipakai | F10: Email akun lama | G10: Pesan di field email: 'This email is already registered — sign in instead'. Tidak ada akun ganda. | H10: Tinggi | I10: Belum dites
A11: AUTH-10 | B11: Daftar (/daftar) | C11: Kuy ID sudah dipakai member lain | D11: Ada member dengan Kuy ID tsb. | E11: Daftar memakai Kuy ID yang sudah ada | F11: Kuy ID member lain | G11: Pesan 'This Kuy ID is already registered'. | H11: Tinggi | I11: Belum dites
A12: AUTH-11 | B12: Daftar (/daftar) | C12: Tampilkan / sembunyikan password | D12: Belum login. | E12: Ketik password lalu klik ikon mata | F12: - | G12: Password bisa ditampilkan & disembunyikan lagi. | H12: Rendah | I12: Belum dites
A13: AUTH-12 | B13: Daftar (/daftar) | C13: Tampilan di HP | D13: Pakai HP / lebar layar ~375px. | E13: Buka /daftar dan isi form | F13: - | G13: Form rapi, tidak ada scroll ke samping, keyboard tidak menutupi tombol. | H13: Sedang | I13: Belum dites
... A32: AUTH-31 | B32: Undangan (/auth/undangan) | C32: Terima undangan member/staf | D32: Admin sudah mengirim undangan ke email tester. | E32: 1. Buka email undangan 2. Klik link 3. Buat password | F32: Email undangan | G32: Password tersimpan, masuk ke /akun (member) atau /admin (staf). [Butuh service role key & redirect URL Supabase] | H32: Sedang | I32: Belum dites

Sheet Admin Member
A1: ID | B1: Fitur | C1: Skenario | D1: Prasyarat | E1: Langkah | F1: Data uji | G1: Hasil yang diharapkan | H1: Prioritas | I1: Status | J1: Hasil aktual / catatan | K1: Tester | L1: Tanggal
A2: MEM-01 | B2: Daftar member | C2: Halaman daftar member tampil | D2: Login admin dengan izin Members. | E2: Buka /admin/members | F2: - | G2: Tabel member tampil: nama, ID, tier, level, kota, sesi, poin, terakhir main. Angka di tab (Semua/Aktif/Baru/Tidak aktif) terisi. | H2: Tinggi | I2: Belum dites
A3: MEM-02 | B3: Daftar member | C3: Pencarian member | D3: Ada beberapa member. | E3: Ketik nama / email / Kuy ID di kolom cari | F3: Sebagian nama member | G3: Hanya member yang cocok yang tampil. | H3: Tinggi | I3: Belum dites
A4: MEM-03 | B4: Daftar member | C4: Tab Aktif / Baru / Tidak aktif | D4: - | E4: Klik tiap tab | F4: - | G4: Aktif = status aktif; Baru = bergabung ≤30 hari; Tidak aktif = status tidak aktif. Jumlah cocok dengan angka di tab. | H4: Sedang | I4: Belum dites
A5: MEM-04 | B5: Daftar member | C5: Filter tier, level, kota, frekuensi, minat | D5: - | E5: Pakai tiap filter satu per satu, lalu kombinasi | F5: - | G5: Hasil sesuai filter. Tombol reset mengembalikan semua. | H5: Sedang | I5: Belum dites
A6: MEM-05 | B6: Daftar member | C6: Urutkan kolom | D6: - | E6: Klik header kolom (mis. Terakhir main, Poin) dua kali | F6: - | G6: Urutan naik ↔ turun dengan benar. | H6: Rendah | I6: Belum dites
A7: MEM-06 | B7: Daftar member | C7: Paginasi | D7: Member > 1 halaman. | E7: Pindah ke halaman berikutnya | F7: - | G7: Data halaman 2 berbeda, filter tetap terbawa. | H7: Rendah | I7: Belum dites
A8: MEM-07 | B8: Daftar member | C8: Simpan & hapus segmen | D8: - | E8: 1. Pasang filter 2. Simpan sebagai segmen 'Test QA' 3. Buka segmen 4. Hapus segmen | F8: Nama segmen: Test QA | G8: Segmen muncul & menerapkan filter yang sama. Setelah dihapus, hilang dari daftar. Nama kosong → 'Beri nama segmen.' | H8: Rendah | I8: Belum dites
A9: MEM-08 | B9: Daftar member | C9: Export CSV | D9: - | E9: Klik Export | F9: - | G9: File CSV terunduh, berisi member sesuai filter yang aktif, bisa dibuka di Excel/Sheets. | H9: Sedang | I9: Belum dites
A10: MEM-09 | B10: Daftar member | C10: Tampilan di HP | D10: Buka di HP. | E10: Buka /admin/members | F10: - | G10: Tabel berubah jadi kartu, tidak ada scroll ke samping, filter bisa dipakai. | H10: Sedang | I10: Belum dites
A11: MEM-10 | B11: Tambah member | C11: Tambah member via undangan | D11: Service role key sudah dipasang. | E11: 1. Klik Tambah member 2. Isi nama, email baru, WA, Kuy ID, kota, level 3. Simpan | F11: Email baru tester | G11: Pesan '<nama> ditambahkan. Undangan terkirim ke <email>…'. Email undangan diterima. [Saat ini kemungkinan Blocked: key belum dipasang → muncul pesan 'SUPABASE_SERVICE_ROLE_KEY belum dipasang'] | H11: Sedang | I11: Belum dites
A12: MEM-11 | B12: Tambah member | C12: Validasi tambah member | D12: - | E12: Simpan dengan nama kosong; lalu email salah; lalu WA 5 digit | F12: - | G12: 'Isi nama lengkap member.' / 'Email tidak valid.' / 'Nomor WhatsApp terlalu pendek.' | H12: Sedang | I12: Belum dites
A13: MEM-12 | B13: Tambah member | C13: Email / Kuy ID sudah dipakai | D13: - | E13: Tambah member pakai email member lama; lalu pakai Kuy ID member lama | F13: - | G13: 'Email ini sudah terdaftar sebagai member (nama).' / 'Kuy ID @… sudah dipakai member lain.' | H13: Sedang | I13: Belum dites
... A26: MEM-25 | B26: Hak akses | C26: Staf tanpa izin Members | D26: Login staf yang role-nya tidak punya izin edit Members. | E26: Buka /admin/members, coba edit/tambah poin | F26: - | G26: Menu tidak tampil atau aksi ditolak dengan pesan tidak punya akses. | H26: Tinggi | I26: Belum dites

Sheet Admin Activity
A1: ID | B1: Fitur | C1: Skenario | D1: Prasyarat | E1: Langkah | F1: Data uji | G1: Hasil yang diharapkan | H1: Prioritas | I1: Status | J1: Hasil aktual / catatan | K1: Tester | L1: Tanggal
A2: ACT-01 | B2: Daftar aktivitas | C2: Halaman daftar sesi tampil | D2: Login admin dengan izin Activities. | E2: Buka /admin/activities | F2: - | G2: Daftar sesi tampil dengan tanggal, venue, status, kapasitas/terisi. | H2: Tinggi | I2: Belum dites
A3: ACT-02 | B3: Buat sesi | C3: Buat sesi baru (Published) | D3: Ada minimal 1 venue. | E3: 1. Klik Buat sesi 2. Isi judul, tipe, venue, court, tanggal, jam mulai/selesai, harga, kapasitas, poin, level 3. Status Published 4. Simpan | F3: Tanggal minggu depan | G3: Sesi tersimpan, muncul di daftar admin dan di website /activity serta halaman venue. | H3: Tinggi | I3: Belum dites
A4: ACT-03 | B4: Buat sesi | C4: Simpan sebagai Draft | D4: - | E4: Buat sesi dengan status Draft | F4: - | G4: Muncul di admin, TIDAK tampil di website. | H4: Tinggi | I4: Belum dites
A5: ACT-04 | B5: Buat sesi | C5: Status Terjadwal (Scheduled) | D5: - | E5: Buat sesi 1 bulan lagi, status Terjadwal | F5: - | G5: Belum tampil di website; baru tampil 2 minggu sebelum sesi. | H5: Sedang | I5: Belum dites
A6: ACT-05 | B6: Buat sesi | C6: Ulangi mingguan | D6: - | E6: Centang 'ulangi mingguan' saat membuat sesi baru | F6: - | G6: Terbuat 8 sesi (minggu ini + 7 minggu berikutnya) dengan jam yang sama. | H6: Sedang | I6: Belum dites
A7: ACT-06 | B7: Buat sesi | C7: Validasi wajib & format | D7: - | E7: Coba simpan: judul kosong; jam selesai < jam mulai; kapasitas 0; harga minus; deskripsi > 500 karakter | F7: - | G7: 'Judul sesi wajib diisi.' / 'Jam selesai harus setelah jam mulai.' / 'Kapasitas minimal 1.' / 'Harga tidak valid.' / 'Deskripsi maksimal 500 karakter.' | H7: Tinggi | I7: Belum dites
A8: ACT-07 | B8: Buat sesi | C8: Link booking Kuyy | D8: - | E8: Isi link Kuyy tanpa https (kuy.id/soslay/x); lalu isi teks asal | F8: kuy.id/soslay/test | G8: Link tanpa https diterima & dinormalisasi. Teks asal → 'Link booking Kuy tidak valid…'. Tombol Booking di website membuka link tsb. | H8: Sedang | I8: Belum dites
A9: ACT-08 | B9: Buat sesi | C9: Upload foto cover | D9: Service role key terpasang. | E9: Upload JPG < 5MB; lalu file PDF; lalu foto > 5MB | F9: - | G9: JPG berhasil & tampil di website. PDF → 'Format harus JPG, PNG, atau WebP.' > 5MB → 'Ukuran foto maksimal 5 MB.' | H9: Sedang | I9: Belum dites
A10: ACT-09 | B10: Buat sesi | C10: Visibilitas Public / Members / Link | D10: - | E10: Buat 3 sesi dengan visibilitas berbeda; cek website saat logout & login member | F10: - | G10: Public → semua bisa lihat. Members → hanya member login. Link → tidak muncul di daftar, hanya lewat URL langsung. | H10: Sedang | I10: Belum dites
A11: ACT-10 | B11: Buat sesi | C11: Tampil di homepage | D11: - | E11: Centang 'tampil di homepage' | F11: - | G11: Sesi muncul di bagian aktivitas homepage. | H11: Rendah | I11: Belum dites
A12: ACT-11 | B12: Edit sesi | C12: Ubah sesi | D12: Ada sesi. | E12: Ubah jam & harga lalu simpan | F12: - | G12: Perubahan tampil di admin & website. | H12: Tinggi | I12: Belum dites
A13: ACT-12 | B13: Edit sesi | C13: Kapasitas di bawah jumlah peserta | D13: Sesi punya 5 peserta terdaftar. | E13: Ubah kapasitas jadi 3 | F13: 3 | G13: Pesan 'Sudah ada 5 peserta terdaftar — kapasitas minimal 5.' | H13: Sedang | I13: Belum dites
... A33: ACT-32 | B33: Tampilan | C33: Admin aktivitas di HP | D33: Buka di HP. | E33: Buka daftar & detail sesi, susun line-up | F33: - | G33: Semua bisa dipakai tanpa scroll samping; tabel jadi kartu. | H33: Sedang | I33: Belum dites

Sheet Rekap
A1: Modul | B1: Total | C1: Pass | D1: Fail | E1: Blocked | F1: Belum dites | G1: % selesai
A2: Auth User | B2: =COUNTA('Auth User'!A2:A32) | C2: =COUNTIF('Auth User'!I2:I32,"Pass") | D2: =COUNTIF('Auth User'!I2:I32,"Fail") | E2: =COUNTIF('Auth User'!I2:I32,"Blocked") | F2: =COUNTIF('Auth User'!I2:I32,"Belum dites") | G2: =IF(B2=0,0,(C2+D2+E2)/B2)
A3: Admin Member | B3: =COUNTA('Admin Member'!A2:A26) | C3: =COUNTIF('Admin Member'!I2:I26,"Pass") | D3: =COUNTIF('Admin Member'!I2:I26,"Fail") | E3: =COUNTIF('Admin Member'!I2:I26,"Blocked") | F3: =COUNTIF('Admin Member'!I2:I26,"Belum dites") | G3: =IF(B3=0,0,(C3+D3+E3)/B3)
A4: Admin Activity | B4: =COUNTA('Admin Activity'!A2:A33) | C4: =COUNTIF('Admin Activity'!I2:I33,"Pass") | D4: =COUNTIF('Admin Activity'!I2:I33,"Fail") | E4: =COUNTIF('Admin Activity'!I2:I33,"Blocked") | F4: =COUNTIF('Admin Activity'!I2:I33,"Belum dites") | G4: =IF(B4=0,0,(C4+D4+E4)/B4)
A5: Total | B5: =SUM(B2:B4) | C5: =SUM(C2:C4) | D5: =SUM(D2:D4) | E5: =SUM(E2:E4) | F5: =SUM(F2:F4) | G5: =IF(B5=0,0,(C5+D5+E5)/B5)
